Workbook
Name AutomationList: Lookups!$E$2:$E$4
Name EnvList: Lookups!$F$2:$F$5
Name LevelList: Lookups!$D$2:$D$5
Name PriorityList: Lookups!$B$2:$B$5
Name StatusList: Lookups!$A$2:$A$6
Name TypeList: Lookups!$C$2:$C$9

Sheet ReadMe
A1: Test Case Excel Template (實務常用)
A3: 這份模板是多數 QA/Dev/PM 團隊都看得懂、也方便後續做報表/回歸/稽核的格式。
A4: 工作流程建議：
A5: 1) 在 Lookups 分頁先確認下拉選單內容（Priority/Status/Type/Environment...）。
A6: 2) 在 TestCases 分頁自第 7 列開始新增測試案例（一列一個 test case）。
A7: 3) Steps 建議用編號 (1)(2)(3)；或一列一步驟也可以，但此模板採『同欄多步驟』。
A8: 4) 執行時填 Status / Actual Result / Defect ID / Tester / Execution Date / Build。
A9: 5) Summary 分頁會自動統計（COUNTIF）通過/失敗/未跑等狀態數。
A11: 欄位說明（TestCases）：
A12: - TC_ID：唯一編號（例：CL-001）。
A13: - Feature/Module：功能模組（例：車貸留言）。
A14: - Requirement_ID：需求/規格編號（可空）。
... A27: - 若要做 RTM（需求覆蓋率），可用 COUNTIF 統計每個需求被多少 Test Case 覆蓋（模板已提供 RTM 分頁）。

Sheet Lookups
A1: Status | B1: Priority | C1: Test_Type | D1: Test_Level | E1: Automation | F1: Environment | G1: Design_Technique | H1: Data_Class | I1: Boundary_Point | J1: EP_Class
A2: Not Run | B2: P0 | C2: Functional | D2: UI | E2: No | F2: DEV | G2: EP | H2: Valid | I2: Min-1 | J2: EP1-Valid
A3: In Progress | B3: P1 | C3: Regression | D3: API | E3: Planned | F3: SIT | G3: BVA | H3: Invalid | I3: Min | J3: EP2-InvalidFormat
A4: Pass | B4: P2 | C4: Smoke | D4: DB | E4: Yes | F4: UAT | G4: DecisionTable | H4: Boundary | I4: Min+1 | J4: EP3-OutOfRange
A5: Fail | B5: P3 | C5: Sanity | D5: E2E | F5: PROD | G5: Pairwise | H5: Null/Empty | I5: Max-1 | J5: EP4-Null
A6: Blocked | C6: UAT | G6: StateTransition | H6: SpecialChar | I6: Max | J6: EP5-SpecialChar
C7: Negative | G7: UseCase | H7: Security | I7: Max+1
C8: Security | H8: Performance | I8: N/A
C9: Performance

Sheet TestCases
A1: Test Cases
A2: Project | C2: Release | E2: Test Cycle | G2: Owner | I2: Build | K2: Date Range
A3: Notes | B3: 在第 7 列開始新增 test case；Priority/Status/Type 等欄位有下拉選單。
A4: TC_ID | B4: Feature/Module | C4: Requirement_ID | D4: Test_Case_Title | E4: Preconditions | F4: Steps | G4: TestData_ID | H4: Expected_Result | I4: Priority | J4: Test_Type | K4: Test_Level | L4: Automation | M4: Status | N4: Actual_Result | O4: Defect_ID | P4: Tester | Q4: Execution_Date | R4: Environment | S4: Build_Version | T4: Notes
A5: CL-001 | B5: 車貸留言 | C5: REQ-01 | D5: 頁面可正常載入且看到所有欄位/按鈕 | E5: 無 | F5: 1) 開啟頁面 2) 確認欄位：姓名/手機/指定分行/驗證碼/清除/送出/個資告知連結 | H5: 頁面呈現完整、無錯誤；按鈕可操作 | I5: P0 | J5: Smoke | K5: UI | L5: No | M5: Not Run | R5: UAT
A6: CL-002 | B6: 車貸留言 | C6: REQ-02 | D6: 全空白送出應阻擋並提示 | E6: 無 | F6: 1) 開啟頁面 2) 不輸入任何資料 3) 點『確認送出』 | H6: 阻擋送出；必填欄位顯示下方皆顯示提示訊息 | I6: P1 | J6: Functional | K6: UI | L6: No | M6: Not Run | R6: UAT
A7: CL-003 | B7: 車貸留言 | C7: REQ-03 | D7: 輸入正確的行動電話欄位格式 | E7: 無 | F7: 1) 開啟頁面 2) 姓名填『王小明』 3) 手機填 0912345678 4) 完成分行選擇 5) 輸入正確驗證碼 6) 送出 | G7: 1 | H7: 欄位下方不會出現提示訊息 | I7: P1 | J7: Functional | K7: UI | L7: No | M7: Not Run | R7: UAT
A8: CL-003 | B8: 車貸留言 | C8: REQ-03 | D8: 輸入不正確的行動電話欄位格式 | E8: 無 | F8: 1) 開啟頁面 2) 姓名填『王小明』 3) 手機填 091234567! 4) 完成分行選擇 5) 輸入正確驗證碼 6) 送出 | H8: 欄位下方會出現提示訊息；無法送出表單 | I8: P1 | J8: Negative | K8: UI | L8: No | M8: Not Run
A9: CL-004 | B9: 車貸留言 | C9: REQ-04 | D9: 指定分行，縣市下拉單與鄉鎮區下拉單關聯需正確 | E9: 取得有分行鄉鎮市區及分行名單各一份 | F9: 1) 開啟頁面 2) 選擇指定分行的縣市 3) 選擇指定分行的鄉鎮市區 | H9: 僅會出現有分行據點的鄉鎮市區 | I9: P1 | J9: Functional | K9: UI | L9: No | M9: Not Run
A10: CL-005 | B10: 車貸留言 | C10: REQ-04 | D10: 指定分行下拉單，未選擇指定分行縣市，鄉鎮市區不可出現任何選項 | E10: 無 | F10: 1) 開啟頁面 2) 選擇指定分行的鄉鎮市區 | H10: 只會出現"指定分行鄉鎮市區"的選項 | I10: P2 | J10: Functional | K10: UI | L10: No | M10: Not Run
A11: CL-006 | B11: 車貸留言 | C11: REQ-04 | D11: 指定分行下拉單，縣市鄉鎮市區與分行關聯需正確 | E11: 取得有分行鄉鎮市區及分行名單各一份 | F11: 1) 開啟頁面 2) 選擇指定分行的縣市 3) 選擇指定分行的鄉鎮市區 4) 選擇分行 | H11: 僅會出現該鄉鎮市區的分行據點 | I11: P1 | J11: Functional | K11: UI | L11: No | M11: Not Run
A12: CL-007 | B12: 車貸留言 | C12: REQ-04 | D12: 指定分行下拉單，未選擇指定鄉鎮市區時，選擇分行不可出現任何選項 | E12: 無 | F12: 1) 開啟頁面 2) 選擇指定分行的縣市 3) 選擇分行 | H12: 只會出現"選擇分行"的選項 | I12: P3 | J12: Functional | K12: UI | L12: No | M12: Not Run
A13: CL-008 | B13: 車貸留言 | C13: REQ-04 | D13: 指定分行下拉單，未選擇指定分行縣市及鄉鎮市區時，選擇分行不可出現任何選項 | E13: 無 | F13: 1) 開啟頁面 2) 選擇分行 | H13: 只會出現"選擇分行"的選項 | I13: P3 | J13: Functional | K13: UI | L13: No | M13: Not Run
A14: CL-009 | B14: 車貸留言 | C14: REQ-05 | D14: 送出表單時，驗證使用者輸入驗證碼正確與否 | E14: 無 | F14: 1) 開啟頁面 2) 姓名填『王小明』 3) 手機填 0912345678 4) 完成分行選擇 5) 輸入正確驗證碼 6) 送出 | H14: 出現表單送出成功的提示popup | I14: P1 | J14: Functional | K14: UI | L14: No | M14: Not Run
A15: CL-009 | B15: 車貸留言 | C15: REQ-05 | D15: 送出表單時，驗證使用者輸入驗證碼正確與否 | E15: 無 | F15: 1) 開啟頁面 2) 姓名填『王小明』 3) 手機填 0912345678 4) 完成分行選擇 5) 輸入錯誤驗證碼 6) 送出 | H15: 出現驗證碼欄位下方出現提示訊息 | I15: P1 | J15: Negative | K15: UI | L15: No | M15: Not Run
A16: CL-010 | B16: 車貸留言 | C16: REQ-06 | D16: 輸入正確的姓名欄位格式(中文) | E16: 無 | F16: 1) 開啟頁面 2) 姓名填中文 3) 手機填 0912345678 4) 完成分行選擇 5) 輸入正確驗證碼 6) 送出 | G16: 1,8 | H16: 欄位下方不會出現提示訊息 | I16: P1 | J16: Functional | K16: UI | L16: Yes | M16: Not Run
A17: CL-010 | B17: 車貸留言 | C17: REQ-06 | D17: 輸入正確的姓名欄位格式(英文) | E17: 無 | F17: 1) 開啟頁面 2) 姓名填英文 3) 手機填 0912345678 4) 完成分行選擇 5) 輸入正確驗證碼 6) 送出 | G17: 5,9 | H17: 欄位下方不會出現提示訊息 | I17: P1 | J17: Functional | K17: UI | L17: Yes | M17: Not Run
A18: CL-010 | B18: 車貸留言 | C18: REQ-06 | D18: 輸入錯誤的姓名欄位格式(數字) | E18: 無 | F18: 1) 開啟頁面 2) 姓名填『123』 3) 手機填 0912345678 4) 完成分行選擇 5) 輸入正確驗證碼 6) 送出 | G18: 7 | H18: 欄位下方出現提示訊息；無法送出表單 | I18: P2 | J18: Negative | K18: UI | L18: Yes | M18: Not Run
A19: CL-010 | B19: 車貸留言 | C19: REQ-06 | D19: 輸入錯誤的姓名欄位格式(特殊符號) | E19: 無 | F19: 1) 開啟頁面 2) 姓名填特殊符號 3) 手機填 0912345678 4) 完成分行選擇 5) 輸入正確驗證碼 6) 送出 | G19: 10,11,12,13,14,15,16,17,18,19,20,21,22,23 | H19: 欄位下方出現提示訊息；無法送出表單 | I19: P2 | J19: Negative | K19: UI | L19: Yes | M19: Not Run

Sheet TestData
A1: Test Data
A2: Notes | B2: 每筆 TestData_ID 是一組可重用測資；TestCases 只填 TestData_ID 以便自動化讀取。
A4: TestData_ID | B4: name | C4: mobile | D4: city | E4: district | F4: branch | G4: result | H4: error_massage_on_html
A5: 1 | B5: 王小明 | C5: 0912345678 | D5: 台北市 | E5: 中正區 | F5: 中正分行 | H5: pass
A6: 2 | B6: 王小明 | C6: 091234567! | D6: 台北市 | E6: 中正區 | F6: 中正分行 | H6: 行動電話：此欄位格式錯誤
A7: 3 | B7: 王小明 | C7: 0 | D7: 台北市 | E7: 中正區 | F7: 中正分行 | H7: 行動電話：此欄位格式錯誤
A8: 4 | B8: 王小明 | C8: 0.12345678 | D8: 台北市 | E8: 中正區 | F8: 中正分行 | H8: 行動電話：此欄位格式錯誤
A9: 5 | B9: Tom | C9: 0912345678 | D9: 台北市 | E9: 中正區 | F9: 中正分行 | H9: pass
A10: 6 | B10: 王Tom | C10: 0912345678 | D10: 台北市 | E10: 中正區 | F10: 中正分行 | H10: pass
A11: 7 | B11: 1 | C11: 0912345678 | D11: 台北市 | E11: 中正區 | F11: 中正分行 | H11: 姓名：此欄位格式錯誤
A12: 8 | B12: 王小明王小明王小明王 | C12: 0912345678 | D12: 台北市 | E12: 中正區 | F12: 中正分行 | H12: pass
A13: 9 | B13: TomTomTomT | C13: 0912345678 | D13: 台北市 | E13: 中正區 | F13: 中正分行 | H13: pass
A14: 10 | B14: @ | C14: 0912345678 | D14: 台北市 | E14: 中正區 | F14: 中正分行 | H14: 姓名：此欄位格式錯誤
A15: 11 | B15: # | C15: 0912345678 | D15: 台北市 | E15: 中正區 | F15: 中正分行 | H15: 姓名：此欄位格式錯誤
A16: 12 | B16: $ | C16: 0912345678 | D16: 台北市 | E16: 中正區 | F16: 中正分行 | H16: 姓名：此欄位格式錯誤
... A28: 23 | B28: ! | C28: 0912345684 | D28: 台北市 | E28: 中正區 | F28: 中正分行 | H28: 姓名：此欄位格式錯誤

Sheet Summary
A1: Execution Summary
A3: Total Test Cases | B3: =COUNTA(TestCases!$A$5:$A$2002)
A5: By Status | E5: KPIs
A6: Status | B6: Count | C6: Percent | E6: Pass Rate (Pass / Executed) | F6: =IF((B9+B10+B11)=0,0,B9/(B9+B10+B11))
A7: Not Run | B7: =COUNTIF(TestCases!$M$5:$M$2002,A7) | C7: =IF($B$3=0,0,B7/$B$3) | E7: Executed (Pass+Fail+Blocked) | F7: =B9+B10+B11
A8: In Progress | B8: =COUNTIF(TestCases!$M$5:$M$2002,A8) | C8: =IF($B$3=0,0,B8/$B$3) | E8: Not Run | F8: =B7
A9: Pass | B9: =COUNTIF(TestCases!$M$5:$M$2002,A9) | C9: =IF($B$3=0,0,B9/$B$3) | E9: In Progress | F9: =B8
A10: Fail | B10: =COUNTIF(TestCases!$M$5:$M$2002,A10) | C10: =IF($B$3=0,0,B10/$B$3)
A11: Blocked | B11: =COUNTIF(TestCases!$M$5:$M$2002,A11) | C11: =IF($B$3=0,0,B11/$B$3)
A14: By Priority
A15: Priority | B15: Count | C15: Percent
A16: P0 | B16: =COUNTIF(TestCases!$I$5:$I$2002,A16) | C16: =IF($B$3=0,0,B16/$B$3)
A17: P1 | B17: =COUNTIF(TestCases!$I$5:$I$2002,A17) | C17: =IF($B$3=0,0,B17/$B$3)
A18: P2 | B18: =COUNTIF(TestCases!$I$5:$I$2002,A18) | C18: =IF($B$3=0,0,B18/$B$3)
A19: P3 | B19: =COUNTIF(TestCases!$I$5:$I$2002,A19) | C19: =IF($B$3=0,0,B19/$B$3)

Sheet TestData (2)
A1: Test Data
A2: Notes | B2: 每筆 TestData_ID 是一組可重用測資；TestCases 只填 TestData_ID 以便自動化讀取。
A4: TestData_ID | B4: name | C4: mobile | D4: city | E4: district | F4: branch | G4: result | H4: error_massage_on_html
A5: 1 | B5: 王小明 | C5: 0912345678 | D5: 台北市 | E5: 中正區 | F5: 中正分行
A6: 2 | B6: 王小明 | C6: 091234567! | D6: 台北市 | E6: 中正區 | F6: 中正分行
A7: 3 | B7: 王小明 | C7: 0 | D7: 台北市 | E7: 中正區 | F7: 中正分行
A8: 4 | B8: 王小明 | C8: 0.12345678 | D8: 台北市 | E8: 中正區 | F8: 中正分行
A9: 5 | B9: Tom | C9: 0912345678 | D9: 台北市 | E9: 中正區 | F9: 中正分行
A10: 6 | B10: 王Tom | C10: 0912345678 | D10: 台北市 | E10: 中正區 | F10: 中正分行
A11: 7 | B11: 1 | C11: 0912345678 | D11: 台北市 | E11: 中正區 | F11: 中正分行
A12: 8 | B12: 王小明王小明王小明王 | C12: 0912345678 | D12: 台北市 | E12: 中正區 | F12: 中正分行
A13: 9 | B13: TomTomTomT | C13: 0912345678 | D13: 台北市 | E13: 中正區 | F13: 中正分行
A14: 10 | B14: @ | C14: 0912345678 | D14: 台北市 | E14: 中正區 | F14: 中正分行
A15: 11 | B15: # | C15: 0912345678 | D15: 台北市 | E15: 中正區 | F15: 中正分行
A16: 12 | B16: $ | C16: 0912345678 | D16: 台北市 | E16: 中正區 | F16: 中正分行
... A28: 23 | B28: ! | C28: 0912345684 | D28: 台北市 | E28: 中正區 | F28: 中正分行

Sheet RTM
A1: Requirement Traceability Matrix (RTM)
A3: Requirement_ID | B3: Requirement_Description | C3: TestCases_Count | D3: TestCase_IDs (manual) | E3: Owner | F3: Notes
A4: REQ-01 | B4: 頁面可正常載入並顯示表單與連結 | C4: =COUNTIF(TestCases!$C$5:$C$2002,A4)
A5: REQ-02 | B5: 必填欄位空值須阻擋送出並顯示提示 | C5: =COUNTIF(TestCases!$C$5:$C$2002,A5)
A6: REQ-03 | B6: 行動電話欄位需通過格式檢核 | C6: =COUNTIF(TestCases!$C$5:$C$2002,A6)
A7: REQ-04 | B7: 指定分行下拉單，縣市與鄉鎮區與分行關聯需正確 | C7: =COUNTIF(TestCases!$C$5:$C$2002,A7)
A8: REQ-05 | B8: 送出表單時，驗證使用者輸入驗證碼正確與否 | C8: =COUNTIF(TestCases!$C$5:$C$2002,A8)
A9: REQ-06 | B9: 姓名欄位需通過格式檢核 | C9: =COUNTIF(TestCases!$C$5:$C$2002,A9)
